#,Name,Current Price (USD),1h%,24h%,7d%,Market Cap (USD),Logo,Symbol,Description,Creation Date,Website,Source Code,Trading Volume Consistency,Liquidity & Order Book Depth,Token Age & Market History,Developer & Team Transparency,Smart Contract Audit & Security,Exchange Listings & Reputation,Community & Social Media Presence,Transaction Patterns & Anomalies,Whitepaper & Roadmap Execution,Regulatory Compliance & Legal Standing
1,Bitcoin,"105,797.32",0.45,-1.62,-3.55,"2,102,415,306,702.57",https://s2.coinmarketcap.com/static/img/coins/64x64/1.png,BTC,"Bitcoin (BTC) is a cryptocurrency launched in 2010. Users are able to generate BTC through the process of mining. Bitcoin has a current supply of 19,872,103. The last known price of Bitcoin is 105,472.46956348 USD and is down -1.90 over the last 24 hours. It is currently trading on 12204 active market(s) with $57,566,266,444.07 traded over the last 24 hours. More information can be found at https://bitcoin.org/.",7/13/2010,https://bitcoin.org/,https://github.com/bitcoin/bitcoin,10,10,10,10,10,10,10,10,10,10
2,Ethereum,"2,612.82",0.73,-1.78,1.26,"315,431,239,388.58",https://s2.coinmarketcap.com/static/img/coins/64x64/1027.png,ETH,"Ethereum (ETH) is a cryptocurrency . Ethereum has a current supply of 120,724,433.40532086. The last known price of Ethereum is 2,600.84117665 USD and is down -2.38 over the last 24 hours. It is currently trading on 10322 active market(s) with $22,852,088,076.61 traded over the last 24 hours. More information can be found at https://www.ethereum.org/.",8/7/2015,https://www.ethereum.org/,https://github.com/ethereum/go-ethereum,9,9,7,9,7,9,8,9,9,8
3,Tether USDt,1,0,-0.03,0.01,"153,084,028,943.99",https://s2.coinmarketcap.com/static/img/coins/64x64/825.png,USDT,"Tether USDt (USDT) is a cryptocurrency and operates on the Ethereum platform. Tether USDt has a current supply of 156,004,090,109.20750524 with 153,083,661,570.68706789 in circulation. The last known price of Tether USDt is 1.00016011 USD and is down -0.01 over the last 24 hours. It is currently trading on 131133 active market(s) with $95,901,464,596.37 traded over the last 24 hours. More information can be found at https://tether.to.",2/25/2015,https://tether.to,N/A,7,6,7,6,7,6,7,6,8,7
4,XRP,2.2,1.21,-4.03,-7.53,"129,012,615,636.59",https://s2.coinmarketcap.com/static/img/coins/64x64/52.png,XRP,"XRP (XRP) is a cryptocurrency . XRP has a current supply of 99,986,107,098 with 58,686,007,292 in circulation. The last known price of XRP is 2.1905068 USD and is down -4.40 over the last 24 hours. It is currently trading on 1620 active market(s) with $3,657,558,598.35 traded over the last 24 hours. More information can be found at https://xrpl.org/.",8/4/2013,https://xrpl.org/,https://github.com/ripple/rippled,6,5,6,7,6,7,8,6,5,6
5,BNB,671.27,0.47,-1.7,-0.39,"94,574,265,649.49",https://s2.coinmarketcap.com/static/img/coins/64x64/1839.png,BNB,"BNB (BNB) is a cryptocurrency . BNB has a current supply of 140,887,734.32999998. The last known price of BNB is 670.42905103 USD and is down -1.89 over the last 24 hours. It is currently trading on 2558 active market(s) with $1,966,632,326.18 traded over the last 24 hours. More information can be found at https://bnbchain.org/en.",7/25/2017,https://bnbchain.org/en,https://github.com/bnb-chain,7,5,7,7,5,8,8,5,8,5
6,Solana,162,0.68,-5.02,-11.19,"84,346,663,646.91",https://s2.coinmarketcap.com/static/img/coins/64x64/5426.png,SOL,"Solana (SOL) is a cryptocurrency launched in 2020. Solana has a current supply of 601,974,294.619321 with 520,644,967.93246394 in circulation. The last known price of Solana is 161.43301885 USD and is down -5.37 over the last 24 hours. It is currently trading on 929 active market(s) with $4,130,371,854.09 traded over the last 24 hours. More information can be found at https://solana.com.",4/10/2020,https://solana.com,https://github.com/solana-labs,7,5,7,7,5,8,8,5,8,5
7,USDC,1,0.01,0,0,"61,080,289,836.58",https://s2.coinmarketcap.com/static/img/coins/64x64/3408.png,USDC,"USDC (USDC) is a cryptocurrency and operates on the Ethereum platform. USDC has a current supply of 61,091,043,638.7090415. The last known price of USDC is 0.99987451 USD and is up 0.00 over the last 24 hours. It is currently trading on 28366 active market(s) with $13,481,492,689.10 traded over the last 24 hours. More information can be found at https://www.usdc.com/.",10/8/2018,https://www.usdc.com/,https://github.com/centrehq/centre-tokens,10,10,10,10,10,10,10,10,10,10
8,Dogecoin,0.2,1.11,-7.86,-14.11,"30,465,053,606.17",https://s2.coinmarketcap.com/static/img/coins/64x64/74.png,DOGE,"Dogecoin (DOGE) is a cryptocurrency . Users are able to generate DOGE through the process of mining. Dogecoin has a current supply of 149,478,916,383.70521. The last known price of Dogecoin is 0.20273198 USD and is down -8.30 over the last 24 hours. It is currently trading on 1232 active market(s) with $2,163,790,042.53 traded over the last 24 hours. More information can be found at http://dogecoin.com/.",12/15/2013,http://dogecoin.com/,https://github.com/dogecoin/dogecoin,9,9,7,9,7,9,8,9,9,8
9,TRON,0.27,0.39,-1.73,1.27,"25,761,118,990.75",https://s2.coinmarketcap.com/static/img/coins/64x64/1958.png,TRX,"TRON (TRX) is a cryptocurrency . TRON has a current supply of 94,866,840,568.790128 with 94,866,827,957.523538 in circulation. The last known price of TRON is 0.27125905 USD and is down -1.86 over the last 24 hours. It is currently trading on 1183 active market(s) with $705,450,296.61 traded over the last 24 hours. More information can be found at https://trondao.org/.",9/13/2017,https://trondao.org/,https://github.com/tronprotocol/java-tron,7,6,7,6,7,6,7,6,8,7
10,Cardano,0.71,1.27,-4.67,-9.87,"25,003,814,426.71",https://s2.coinmarketcap.com/static/img/coins/64x64/2010.png,ADA,"Cardano (ADA) is a cryptocurrency launched in 2017. Cardano has a current supply of 44,994,501,828.187738 with 35,337,743,183.176508 in circulation. The last known price of Cardano is 0.70546454 USD and is down -4.95 over the last 24 hours. It is currently trading on 1526 active market(s) with $966,965,466.39 traded over the last 24 hours. More information can be found at https://www.cardano.org.",10/1/2017,https://www.cardano.org,https://cardanoupdates.com/,6,5,6,7,6,7,8,6,5,6
11,Sui,3.46,0.91,-3.26,-6.14,"11,564,931,809.40",https://s2.coinmarketcap.com/static/img/coins/64x64/20947.png,SUI,"Sui (SUI) is a cryptocurrency . Sui has a current supply of 10,000,000,000 with 3,338,327,017.9116654 in circulation. The last known price of Sui is 3.45201151 USD and is down -3.53 over the last 24 hours. It is currently trading on 671 active market(s) with $1,179,205,641.23 traded over the last 24 hours. More information can be found at https://sui.io/#.",7/12/2022,https://sui.io/#,https://github.com/MystenLabs,7,5,7,7,5,8,8,5,8,5
12,Hyperliquid,32.59,2.19,0.41,-9.04,"10,882,077,863.53",https://s2.coinmarketcap.com/static/img/coins/64x64/32196.png,HYPE,"Hyperliquid (HYPE) is a cryptocurrency and operates on the Hyperliquid platform. Hyperliquid has a current supply of 999,993,930 with 333,928,180 in circulation. The last known price of Hyperliquid is 32.11444292 USD and is down -0.63 over the last 24 hours. It is currently trading on 93 active market(s) with $430,528,523.99 traded over the last 24 hours. More information can be found at https://hyperliquid.xyz/.",7/15/2024,https://hyperliquid.xyz/,N/A,7,5,7,7,5,8,8,5,8,5
13,Chainlink,14.38,0.56,-7.09,-12.13,"9,451,453,495.83",https://s2.coinmarketcap.com/static/img/coins/64x64/1975.png,LINK,"Chainlink (LINK) is a cryptocurrency and operates on the Ethereum platform. Chainlink has a current supply of 1,000,000,000 with 657,099,970.45278671 in circulation. The last known price of Chainlink is 14.33020698 USD and is down -7.42 over the last 24 hours. It is currently trading on 2019 active market(s) with $650,553,573.32 traded over the last 24 hours. More information can be found at https://chain.link/.",9/20/2017,https://chain.link/,https://github.com/smartcontractkit/chainlink,10,10,10,10,10,10,10,10,10,10
14,Avalanche,21.73,1.02,-5.53,-12.76,"9,154,694,134.46",https://s2.coinmarketcap.com/static/img/coins/64x64/5805.png,AVAX,"Avalanche (AVAX) is a cryptocurrency launched in 2020. Avalanche has a current supply of 456,198,738.8071788 with 421,196,038.8071788 in circulation. The last known price of Avalanche is 21.68607995 USD and is down -5.72 over the last 24 hours. It is currently trading on 919 active market(s) with $588,383,351.90 traded over the last 24 hours. More information can be found at https://avax.network/.",7/13/2020,https://avax.network/,https://github.com/ava-labs/avalanchego,9,9,7,9,7,9,8,9,9,8
15,Stellar,0.28,0.94,-3.37,-6.49,"8,577,086,155.85",https://s2.coinmarketcap.com/static/img/coins/64x64/512.png,XLM,"Stellar (XLM) is a cryptocurrency . Stellar has a current supply of 50,001,786,892.81785 with 31,145,234,930.09439 in circulation. The last known price of Stellar is 0.27511279 USD and is down -3.46 over the last 24 hours. It is currently trading on 711 active market(s) with $241,335,693.49 traded over the last 24 hours. More information can be found at https://www.stellar.org.",8/5/2014,https://www.stellar.org,https://github.com/stellar/stellar-core,7,6,7,6,7,6,7,6,8,7
16,UNUS SED LEO,9.21,0.01,1.81,5.17,"8,506,462,009.57",https://s2.coinmarketcap.com/static/img/coins/64x64/3957.png,LEO,"UNUS SED LEO (LEO) is a cryptocurrency and operates on the Ethereum platform. UNUS SED LEO has a current supply of 985,239,504 with 923,338,929.9 in circulation. The last known price of UNUS SED LEO is 9.21751277 USD and is up 1.87 over the last 24 hours. It is currently trading on 61 active market(s) with $4,018,780.16 traded over the last 24 hours. More information can be found at https://www.bitfinex.com/.",5/21/2019,https://www.bitfinex.com/,N/A,6,5,6,7,6,7,8,6,5,6
17,Toncoin,3.32,0.83,-3.72,7.56,"8,272,602,500.43",https://s2.coinmarketcap.com/static/img/coins/64x64/11419.png,TON,"Toncoin (TON) is a cryptocurrency . Toncoin has a current supply of 5,131,235,223.88738763 with 2,491,748,020.2154275 in circulation. The last known price of Toncoin is 3.31168247 USD and is down -4.32 over the last 24 hours. It is currently trading on 744 active market(s) with $404,582,875.34 traded over the last 24 hours. More information can be found at https://ton.org/.",8/26/2021,https://ton.org/,https://github.com/ton-blockchain,7,5,7,7,5,8,8,5,8,5
18,Bitcoin Cash,409.64,0.82,-1.21,-7.8,"8,142,378,778.97",https://s2.coinmarketcap.com/static/img/coins/64x64/1831.png,BCH,"Bitcoin Cash (BCH) is a cryptocurrency . Users are able to generate BCH through the process of mining. Bitcoin Cash has a current supply of 19,876,756.25. The last known price of Bitcoin Cash is 409.10191277 USD and is down -1.36 over the last 24 hours. It is currently trading on 1022 active market(s) with $274,322,051.80 traded over the last 24 hours. More information can be found at http://bch.info.",7/23/2017,http://bch.info,https://gitlab.com/bitcoin-cash-node/,7,5,7,7,5,8,8,5,8,5
19,Shiba Inu,0,0.69,-6.68,-11.04,"7,841,139,247.97",https://s2.coinmarketcap.com/static/img/coins/64x64/5994.png,SHIB,"Shiba Inu (SHIB) is a cryptocurrency launched in 2020and operates on the Ethereum platform. Shiba Inu has a current supply of 589,504,168,190,509.27670757 with 589,249,738,948,632.78015197 in circulation. The last known price of Shiba Inu is 0.00001327 USD and is down -6.94 over the last 24 hours. It is currently trading on 967 active market(s) with $306,670,135.75 traded over the last 24 hours. More information can be found at https://shibatoken.com/.",8/1/2020,https://shibatoken.com/,https://github.com/shytoshikusama/,10,10,10,10,10,10,10,10,10,10
20,Hedera,0.18,0.97,-4.1,-12.69,"7,414,949,133.77",https://s2.coinmarketcap.com/static/img/coins/64x64/4642.png,HBAR,"Hedera (HBAR) is a cryptocurrency launched in 2017. Hedera has a current supply of 50,000,000,000 with 42,239,760,469.18108074 in circulation. The last known price of Hedera is 0.17509991 USD and is down -4.40 over the last 24 hours. It is currently trading on 344 active market(s) with $193,873,302.40 traded over the last 24 hours. More information can be found at https://www.hedera.com/.",9/17/2019,https://www.hedera.com/,https://github.com/hashgraph,9,9,7,9,7,9,8,9,9,8
21,Litecoin,90.2,0.8,-6.45,-9.13,"6,847,176,806.94",https://s2.coinmarketcap.com/static/img/coins/64x64/2.png,LTC,"Litecoin (LTC) is a cryptocurrency . Users are able to generate LTC through the process of mining. Litecoin has a current supply of 84,000,000 with 75,911,064.48347135 in circulation. The last known price of Litecoin is 89.96286346 USD and is down -6.76 over the last 24 hours. It is currently trading on 1373 active market(s) with $630,385,137.00 traded over the last 24 hours. More information can be found at https://litecoin.org/.",4/28/2013,https://litecoin.org/,https://github.com/litecoin-project/litecoin,7,6,7,6,7,6,7,6,8,7
22,Polkadot,4.2,0.76,-7.12,-12.07,"6,653,062,596.22",https://s2.coinmarketcap.com/static/img/coins/64x64/6636.png,DOT,"Polkadot (DOT) is a cryptocurrency . Polkadot has a current supply of 1,582,393,243.06632933. The last known price of Polkadot is 4.192946 USD and is down -7.35 over the last 24 hours. It is currently trading on 914 active market(s) with $286,354,451.52 traded over the last 24 hours. More information can be found at https://polkadot.com.",8/19/2020,https://polkadot.com,https://github.com/paritytech/polkadot-sdk,6,5,6,7,6,7,8,6,5,6
23,Monero,334.82,1.1,-1.85,-16.07,"6,176,306,135.75",https://s2.coinmarketcap.com/static/img/coins/64x64/328.png,XMR,"Monero (XMR) is a cryptocurrency . Users are able to generate XMR through the process of mining. Monero has a current supply of 18,446,744.07370955. The last known price of Monero is 334.20417054 USD and is down -1.80 over the last 24 hours. It is currently trading on 320 active market(s) with $105,838,977.60 traded over the last 24 hours. More information can be found at https://www.getmonero.org/.",5/21/2014,https://www.getmonero.org/,https://github.com/monero-project/monero,7,5,7,7,5,8,8,5,8,5
24,Bitget Token,4.86,1.92,-7.8,-13.37,"5,680,629,790.18",https://s2.coinmarketcap.com/static/img/coins/64x64/11092.png,BGB,"Bitget Token (BGB) is a cryptocurrency and operates on the Ethereum platform. Bitget Token has a current supply of 1,169,993,089.2. The last known price of Bitget Token is 4.83957442 USD and is down -7.95 over the last 24 hours. It is currently trading on 31 active market(s) with $140,589,004.82 traded over the last 24 hours. More information can be found at https://www.bitget.com/.",7/29/2021,https://www.bitget.com/,N/A,7,5,7,7,5,8,8,5,8,5
25,Pepe,0,1.46,-6.46,-13.16,"5,473,902,533.64",https://s2.coinmarketcap.com/static/img/coins/64x64/24478.png,PEPE,"Pepe (PEPE) is a cryptocurrency launched in 2023and operates on the Ethereum platform. Pepe has a current supply of 420,689,899,653,543.53949133. The last known price of Pepe is 0.00001296 USD and is down -7.13 over the last 24 hours. It is currently trading on 575 active market(s) with $1,564,369,380.46 traded over the last 24 hours. More information can be found at https://www.pepe.vip/.",4/17/2023,https://www.pepe.vip/,N/A,10,10,10,10,10,10,10,10,10,10
26,Dai,1,0.02,-0.01,0,"5,364,446,882.05",https://s2.coinmarketcap.com/static/img/coins/64x64/4943.png,DAI,"Dai (DAI) is a cryptocurrency and operates on the Ethereum platform. Dai has a current supply of 5,365,382,702.664872. The last known price of Dai is 0.99983593 USD and is up -0.00 over the last 24 hours. It is currently trading on 3520 active market(s) with $18,502,536,360.16 traded over the last 24 hours. More information can be found at https://makerdao.com/.",11/22/2019,https://makerdao.com/,N/A,9,9,7,9,7,9,8,9,9,8
27,Ethena USDe,1,0.01,0.01,-0.06,"5,310,747,257.06",https://s2.coinmarketcap.com/static/img/coins/64x64/29470.png,USDe,"Ethena USDe (USDe) is a cryptocurrency and operates on the Ethereum platform. Ethena USDe has a current supply of 5,311,890,769.06943368. The last known price of Ethena USDe is 0.99973546 USD and is up 0.00 over the last 24 hours. It is currently trading on 153 active market(s) with $179,470,337.97 traded over the last 24 hours. More information can be found at https://www.ethena.fi/.",2/20/2024,https://www.ethena.fi/,https://github.com/ethena-labs,7,6,7,6,7,6,7,6,8,7
28,Pi,0.68,0.5,-4.06,-11.12,"4,953,759,191.50",https://s2.coinmarketcap.com/static/img/coins/64x64/35697.png,PI,"Pi (PI) is a cryptocurrency launched in 2019. Pi has a current supply of 100,000,000,000 with 7,267,512,482.213264 in circulation. The last known price of Pi is 0.67881286 USD and is down -4.57 over the last 24 hours. It is currently trading on 57 active market(s) with $155,825,242.76 traded over the last 24 hours. More information can be found at https://minepi.com.",2/11/2025,https://minepi.com,https://github.com/orgs/pi-apps/,6,5,6,7,6,7,8,6,5,6
29,Uniswap,6.56,1.09,-4.1,5.88,"4,124,719,993.58",https://s2.coinmarketcap.com/static/img/coins/64x64/7083.png,UNI,"Uniswap (UNI) is a cryptocurrency launched in 2020and operates on the Ethereum platform. Uniswap has a current supply of 1,000,000,000 with 628,688,836.71 in circulation. The last known price of Uniswap is 6.51890695 USD and is down -4.87 over the last 24 hours. It is currently trading on 1240 active market(s) with $571,163,744.62 traded over the last 24 hours. More information can be found at https://uniswap.org/blog/uni/.",9/17/2020,https://uniswap.org/blog/uni/,N/A,7,5,7,7,5,8,8,5,8,5
30,Aave,248.76,0.71,-3.22,-3.3,"3,767,051,750.12",https://s2.coinmarketcap.com/static/img/coins/64x64/7278.png,AAVE,"Aave (AAVE) is a cryptocurrency and operates on the Ethereum platform. Aave has a current supply of 16,000,000 with 15,143,190.65347242 in circulation. The last known price of Aave is 247.53780915 USD and is down -3.66 over the last 24 hours. It is currently trading on 1088 active market(s) with $410,891,669.75 traded over the last 24 hours. More information can be found at https://aave.com/.",10/2/2020,https://aave.com/,https://github.com/aave,7,5,7,7,5,8,8,5,8,5
31,Bittensor,398.87,-0.53,-6.5,-11.86,"3,479,617,322.00",https://s2.coinmarketcap.com/static/img/coins/64x64/22974.png,TAO,"Bittensor (TAO) is a cryptocurrency launched in 2021. Bittensor has a current supply of 8,723,713. The last known price of Bittensor is 399.5436862 USD and is down -6.27 over the last 24 hours. It is currently trading on 155 active market(s) with $118,895,943.40 traded over the last 24 hours. More information can be found at https://bittensor.com.",3/6/2023,https://bittensor.com,https://github.com/opentensor/BitTensor,10,10,10,10,10,10,10,10,10,10
32,Aptos,5.05,0.48,-5.45,-11,"3,183,017,381.97",https://s2.coinmarketcap.com/static/img/coins/64x64/21794.png,APT,"Aptos (APT) is a cryptocurrency launched in 2022. Aptos has a current supply of 1,150,146,977.631315 with 630,750,250.7193015 in circulation. The last known price of Aptos is 5.04446464 USD and is down -5.51 over the last 24 hours. It is currently trading on 512 active market(s) with $222,300,398.80 traded over the last 24 hours. More information can be found at https://aptosfoundation.org.",10/19/2022,https://aptosfoundation.org,https://github.com/aptos-labs,9,9,7,9,7,9,8,9,9,8
33,NEAR Protocol,2.6,0.35,-9.44,-12.21,"3,168,500,186.01",https://s2.coinmarketcap.com/static/img/coins/64x64/6535.png,NEAR,"NEAR Protocol (NEAR) is a cryptocurrency launched in 2020. NEAR Protocol has a current supply of 1,252,814,802 with 1,219,625,407 in circulation. The last known price of NEAR Protocol is 2.58972302 USD and is down -9.88 over the last 24 hours. It is currently trading on 520 active market(s) with $245,205,426.56 traded over the last 24 hours. More information can be found at https://near.org/.",8/11/2020,https://near.org/,https://github.com/near,7,6,7,6,7,6,7,6,8,7
34,OKB,50.8,0.11,-2.2,-2.99,"3,048,276,434.52",https://s2.coinmarketcap.com/static/img/coins/64x64/3897.png,OKB,"OKB (OKB) is a cryptocurrency and operates on the Ethereum platform. OKB has a current supply of 300,000,000 with 60,000,000 in circulation. The last known price of OKB is 50.77485228 USD and is down -2.40 over the last 24 hours. It is currently trading on 141 active market(s) with $5,456,779.17 traded over the last 24 hours. More information can be found at https://www.okx.com/.",4/30/2019,https://www.okx.com/,N/A,6,5,6,7,6,7,8,6,5,6
35,Ondo,0.86,1.17,-6.39,-12.27,"2,726,641,831.58",https://s2.coinmarketcap.com/static/img/coins/64x64/21159.png,ONDO,"Ondo (ONDO) is a cryptocurrency launched in 2021and operates on the Ethereum platform. Ondo has a current supply of 10,000,000,000 with 3,159,107,529 in circulation. The last known price of Ondo is 0.85968704 USD and is down -6.90 over the last 24 hours. It is currently trading on 313 active market(s) with $178,828,945.86 traded over the last 24 hours. More information can be found at https://ondo.foundation/.",1/18/2024,https://ondo.foundation/,https://github.com/ondoprotocol,7,5,7,7,5,8,8,5,8,5
36,Cronos,0.1,1.52,4.42,3.13,"2,688,734,252.75",https://s2.coinmarketcap.com/static/img/coins/64x64/3635.png,CRO,"Cronos (CRO) is a cryptocurrency . Cronos has a current supply of 97,543,210,869 with 26,571,560,696 in circulation. The last known price of Cronos is 0.09933789 USD and is up 2.63 over the last 24 hours. It is currently trading on 287 active market(s) with $53,692,503.70 traded over the last 24 hours. More information can be found at https://cronos.org/.",12/14/2018,https://cronos.org/,https://github.com/crypto-org-chain/,7,5,7,7,5,8,8,5,8,5
37,Internet Computer,5.01,0.76,-7.41,-9.23,"2,673,898,761.31",https://s2.coinmarketcap.com/static/img/coins/64x64/8916.png,ICP,"Internet Computer (ICP) is a cryptocurrency launched in 2021. Internet Computer has a current supply of 533,636,336.65410906. The last known price of Internet Computer is 5.00551982 USD and is down -7.93 over the last 24 hours. It is currently trading on 335 active market(s) with $82,597,965.95 traded over the last 24 hours. More information can be found at https://internetcomputer.org/.",3/23/2021,https://internetcomputer.org/,https://github.com/dfinity/ic,10,10,10,10,10,10,10,10,10,10
38,Ethereum Classic,17.55,0.8,-4.92,-8.75,"2,669,713,126.36",https://s2.coinmarketcap.com/static/img/coins/64x64/1321.png,ETC,"Ethereum Classic (ETC) is a cryptocurrency launched in 2015. Users are able to generate ETC through the process of mining. Ethereum Classic has a current supply of 210,700,000 with 152,118,390.1175956 in circulation. The last known price of Ethereum Classic is 17.51934367 USD and is down -5.17 over the last 24 hours. It is currently trading on 630 active market(s) with $110,861,843.74 traded over the last 24 hours. More information can be found at https://ethereumclassic.org/.",7/24/2016,https://ethereumclassic.org/,https://github.com/ethereumclassic/ethereumclassic.github.io,9,9,7,9,7,9,8,9,9,8
39,Kaspa,0.09,0.94,-4.67,-16.35,"2,456,290,884.98",https://s2.coinmarketcap.com/static/img/coins/64x64/20396.png,KAS,"Kaspa (KAS) is a cryptocurrency launched in 2021. Users are able to generate KAS through the process of mining. Kaspa has a current supply of 26,244,277,127.782726. The last known price of Kaspa is 0.09354507 USD and is down -4.70 over the last 24 hours. It is currently trading on 185 active market(s) with $82,972,183.92 traded over the last 24 hours. More information can be found at https://www.kaspa.org.",6/1/2022,https://www.kaspa.org,https://github.com/kaspanet/rusty-kaspa,7,6,7,6,7,6,7,6,8,7
40,GateToken,19.75,0.02,-2.49,-8.25,"2,427,241,289.22",https://s2.coinmarketcap.com/static/img/coins/64x64/4269.png,GT,"GateToken (GT) is a cryptocurrency launched in 2019and operates on the Ethereum platform. GateToken has a current supply of 133,600,000 with 122,910,588 in circulation. The last known price of GateToken is 19.74628589 USD and is down -2.52 over the last 24 hours. It is currently trading on 36 active market(s) with $14,868,994.25 traded over the last 24 hours. More information can be found at https://gatechain.io/.",8/20/2019,https://gatechain.io/,https://github.com/gatechain,6,5,6,7,6,7,8,6,5,6
41,POL (prev. MATIC),0.22,0.73,-4.07,-10.49,"2,299,497,036.37",https://s2.coinmarketcap.com/static/img/coins/64x64/28321.png,POL,"POL (prev. MATIC) (POL) is a cryptocurrency and operates on the Ethereum platform. POL (prev. MATIC) has a current supply of 10,433,733,272.16659493. The last known price of POL (prev. MATIC) is 0.21982982 USD and is down -4.34 over the last 24 hours. It is currently trading on 537 active market(s) with $120,996,894.79 traded over the last 24 hours. More information can be found at https://polygon.technology/.",10/30/2023,https://polygon.technology/,https://github.com/maticnetwork/contracts,7,5,7,7,5,8,8,5,8,5
42,OFFICIAL TRUMP,11.45,1.67,-5.75,-15.56,"2,290,025,349.76",https://s2.coinmarketcap.com/static/img/coins/64x64/35336.png,TRUMP,"OFFICIAL TRUMP (TRUMP) is a cryptocurrency and operates on the Solana platform. OFFICIAL TRUMP has a current supply of 999,999,401.014194 with 199,999,376.850188 in circulation. The last known price of OFFICIAL TRUMP is 11.41866831 USD and is down -5.97 over the last 24 hours. It is currently trading on 589 active market(s) with $688,798,626.16 traded over the last 24 hours. More information can be found at https://gettrumpmemes.com/.",1/18/2025,https://gettrumpmemes.com/,N/A,7,5,7,7,5,8,8,5,8,5
43,Mantle,0.68,0.57,-3.35,-8.72,"2,282,238,371.32",https://s2.coinmarketcap.com/static/img/coins/64x64/27075.png,MNT,"Mantle (MNT) is a cryptocurrency launched in 2021and operates on the Ethereum platform. Mantle has a current supply of 6,219,316,794.99 with 3,364,694,382.8368406 in circulation. The last known price of Mantle is 0.67823019 USD and is down -3.27 over the last 24 hours. It is currently trading on 140 active market(s) with $198,226,453.03 traded over the last 24 hours. More information can be found at https://group.mantle.xyz/.",7/17/2023,https://group.mantle.xyz/,https://github.com/mantlenetworkio,10,10,10,10,10,10,10,10,10,10
44,World Liberty Financial USD,1,-0.01,-0.02,0.03,"2,167,325,392.09",https://s2.coinmarketcap.com/static/img/coins/64x64/36148.png,USD1,"World Liberty Financial USD (USD1) is a cryptocurrency and operates on the Ethereum platform. World Liberty Financial USD has a current supply of 2,166,591,931. The last known price of World Liberty Financial USD is 1.00040634 USD and is down -0.02 over the last 24 hours. It is currently trading on 131 active market(s) with $392,486,122.25 traded over the last 24 hours. More information can be found at https://www.worldlibertyfinancial.com/.",4/13/2025,https://www.worldlibertyfinancial.com/,https://github.com/worldliberty/usd1-smart-contracts,9,9,7,9,7,9,8,9,9,8
45,VeChain,0.03,1.18,-5.59,-15.28,"2,158,201,527.73",https://s2.coinmarketcap.com/static/img/coins/64x64/3077.png,VET,"VeChain (VET) is a cryptocurrency . VeChain has a current supply of 85,985,041,177. The last known price of VeChain is 0.0250661 USD and is down -5.72 over the last 24 hours. It is currently trading on 345 active market(s) with $59,925,157.23 traded over the last 24 hours. More information can be found at https://www.vechain.org/.",8/22/2017,https://www.vechain.org/,https://github.com/vechain,7,6,7,6,7,6,7,6,8,7
46,Render,4.04,0.45,-7.45,-20.28,"2,092,603,882.93",https://s2.coinmarketcap.com/static/img/coins/64x64/5690.png,RENDER,"Render (RENDER) is a cryptocurrency launched in 2019and operates on the Ethereum platform. Render has a current supply of 532,654,000.33628262 with 517,893,827.05628262 in circulation. The last known price of Render is 4.03710605 USD and is down -7.56 over the last 24 hours. It is currently trading on 564 active market(s) with $103,892,219.78 traded over the last 24 hours. More information can be found at https://rendernetwork.com/.",6/11/2020,https://rendernetwork.com/,N/A,6,5,6,7,6,7,8,6,5,6
47,Ethena,0.34,0.95,-12.4,-15.7,"1,972,971,824.84",https://s2.coinmarketcap.com/static/img/coins/64x64/30171.png,ENA,"Ethena (ENA) is a cryptocurrency and operates on the Ethereum platform. Ethena has a current supply of 15,000,000,000 with 5,820,312,500 in circulation. The last known price of Ethena is 0.33865239 USD and is down -12.65 over the last 24 hours. It is currently trading on 286 active market(s) with $232,268,231.70 traded over the last 24 hours. More information can be found at https://www.ethena.fi/.",3/29/2024,https://www.ethena.fi/,https://github.com/ethena-labs,7,5,7,7,5,8,8,5,8,5
48,Artificial Superintelligence Alliance,0.82,1.03,-6.87,-11.61,"1,957,517,863.77",https://s2.coinmarketcap.com/static/img/coins/64x64/3773.png,FET,"Artificial Superintelligence Alliance (FET) is a cryptocurrency launched in 2018. Artificial Superintelligence Alliance has a current supply of 2,714,493,896.672 with 2,395,026,046.22984828 in circulation. The last known price of Artificial Superintelligence Alliance is 0.81330851 USD and is down -7.68 over the last 24 hours. It is currently trading on 470 active market(s) with $157,689,814.04 traded over the last 24 hours. More information can be found at https://superintelligence.io/.",3/2/2019,https://superintelligence.io/,https://github.com/fetchai,7,5,7,7,5,8,8,5,8,5
49,Worldcoin,1.22,1.1,-8.42,-20.49,"1,877,207,235.51",https://s2.coinmarketcap.com/static/img/coins/64x64/13502.png,WLD,"Worldcoin (WLD) is a cryptocurrency launched in 2023and operates on the Ethereum platform. Worldcoin has a current supply of 10,000,000,000 with 1,537,459,279.6879568 in circulation. The last known price of Worldcoin is 1.21929298 USD and is down -8.58 over the last 24 hours. It is currently trading on 430 active market(s) with $286,357,768.86 traded over the last 24 hours. More information can be found at https://worldcoin.org/.",10/28/2021,https://worldcoin.org/,https://github.com/worldcoin,10,10,10,10,10,10,10,10,10,10
50,Filecoin,2.66,0.76,-6.01,-11.12,"1,793,226,621.79",https://s2.coinmarketcap.com/static/img/coins/64x64/2280.png,FIL,"Filecoin (FIL) is a cryptocurrency launched in 2020. Users are able to generate FIL through the process of mining. Filecoin has a current supply of 1,959,477,160 with 673,400,672 in circulation. The last known price of Filecoin is 2.65970046 USD and is down -6.11 over the last 24 hours. It is currently trading on 605 active market(s) with $187,913,380.67 traded over the last 24 hours. More information can be found at https://filecoin.io/.",12/13/2017,https://filecoin.io/,https://github.com/filecoin-project/,9,9,7,9,7,9,8,9,9,8
1,Bitcoin,"109,505.79",-0.14,1.74,3.85,"2,176,636,006,016.93",https://s2.coinmarketcap.com/static/img/coins/64x64/1.png,BTC,"Bitcoin (BTC) is a cryptocurrency launched in 2010. Users are able to generate BTC through the process of mining. Bitcoin has a current supply of 19,876,903. The last known price of Bitcoin is 109,601.67800393 USD and is up 1.77 over the last 24 hours. It is currently trading on 12211 active market(s) with $56,512,172,290.10 traded over the last 24 hours. More information can be found at https://bitcoin.org/.",2010-07-13,https://bitcoin.org/,https://github.com/bitcoin/bitcoin,,,,,,,,,,
2,Ethereum,"2,755.86",-0.18,8.51,5.62,"332,694,960,945.12",https://s2.coinmarketcap.com/static/img/coins/64x64/1027.png,ETH,"Ethereum (ETH) is a cryptocurrency . Ethereum has a current supply of 120,722,642.63995315. The last known price of Ethereum is 2,762.08650161 USD and is up 8.71 over the last 24 hours. It is currently trading on 10336 active market(s) with $28,820,880,754.41 traded over the last 24 hours. More information can be found at https://www.ethereum.org/.",2015-08-07,https://www.ethereum.org/,https://github.com/ethereum/go-ethereum,,,,,,,,,,
3,Tether USDt,1.00,0.01,-0.05,-0.06,"155,191,621,448.15",https://s2.coinmarketcap.com/static/img/coins/64x64/825.png,USDT,"Tether USDt (USDT) is a cryptocurrency and operates on the Ethereum platform. Tether USDt has a current supply of 157,003,724,990.01124624 with 155,181,610,791.20756989 in circulation. The last known price of Tether USDt is 1.00021323 USD and is down -0.03 over the last 24 hours. It is currently trading on 132204 active market(s) with $88,834,890,405.97 traded over the last 24 hours. More information can be found at https://tether.to.",2015-02-25,https://tether.to,N/A,,,,,,,,,,
4,XRP,2.31,0.70,2.05,3.98,"135,705,268,244.18",https://s2.coinmarketcap.com/static/img/coins/64x64/52.png,XRP,"XRP (XRP) is a cryptocurrency . XRP has a current supply of 99,986,060,343 with 58,819,652,442 in circulation. The last known price of XRP is 2.304505 USD and is up 1.88 over the last 24 hours. It is currently trading on 1624 active market(s) with $2,960,240,141.82 traded over the last 24 hours. More information can be found at https://xrpl.org/.",2013-08-04,https://xrpl.org/,https://github.com/ripple/rippled,,,,,,,,,,
5,BNB,665.69,0.42,1.57,0.14,"93,787,428,144.38",https://s2.coinmarketcap.com/static/img/coins/64x64/1839.png,BNB,"BNB (BNB) is a cryptocurrency . BNB has a current supply of 140,886,823.18. The last known price of BNB is 665.19334873 USD and is up 1.47 over the last 24 hours. It is currently trading on 2573 active market(s) with $1,761,510,532.74 traded over the last 24 hours. More information can be found at https://bnbchain.org/en.",2017-07-25,https://bnbchain.org/en,https://github.com/bnb-chain,,,,,,,,,,
6,Solana,160.24,0.66,3.33,-0.61,"84,114,159,261.60",https://s2.coinmarketcap.com/static/img/coins/64x64/5426.png,SOL,"Solana (SOL) is a cryptocurrency launched in 2020. Solana has a current supply of 602,704,913.62901 with 524,924,838.2734609 in circulation. The last known price of Solana is 160.41227316 USD and is up 3.38 over the last 24 hours. It is currently trading on 934 active market(s) with $3,831,551,730.61 traded over the last 24 hours. More information can be found at https://solana.com.",2020-04-10,https://solana.com,https://github.com/solana-labs,,,,,,,,,,
7,USDC,1.00,0.01,-0.03,-0.02,"60,995,356,113.72",https://s2.coinmarketcap.com/static/img/coins/64x64/3408.png,USDC,"USDC (USDC) is a cryptocurrency launched in 2024and operates on the Ethereum platform. USDC has a current supply of 61,010,840,398.2718247. The last known price of USDC is 0.99983408 USD and is up -0.00 over the last 24 hours. It is currently trading on 28562 active market(s) with $12,453,275,385.29 traded over the last 24 hours. More information can be found at https://www.circle.com/en/usdc.",2018-10-08,https://www.circle.com/en/usdc,https://github.com/centrehq/centre-tokens,,,,,,,,,,
8,Dogecoin,0.20,1.60,5.75,0.12,"29,315,592,223.37",https://s2.coinmarketcap.com/static/img/coins/64x64/74.png,DOGE,"Dogecoin (DOGE) is a cryptocurrency . Users are able to generate DOGE through the process of mining. Dogecoin has a current supply of 149,627,346,383.70523. The last known price of Dogecoin is 0.19524458 USD and is up 5.26 over the last 24 hours. It is currently trading on 1235 active market(s) with $1,324,116,116.31 traded over the last 24 hours. More information can be found at http://dogecoin.com/.",2013-12-15,http://dogecoin.com/,https://github.com/dogecoin/dogecoin,,,,,,,,,,
9,TRON,0.29,0.16,2.73,7.79,"27,614,175,962.22",https://s2.coinmarketcap.com/static/img/coins/64x64/1958.png,TRX,"TRON (TRX) is a cryptocurrency . TRON has a current supply of 94,849,722,428.149298 with 94,849,673,243.964048 in circulation. The last known price of TRON is 0.29037667 USD and is up 2.37 over the last 24 hours. It is currently trading on 1183 active market(s) with $613,476,710.18 traded over the last 24 hours. More information can be found at https://trondao.org/.",2017-09-13,https://trondao.org/,https://github.com/tronprotocol/java-tron,,,,,,,,,,
10,Cardano,0.71,1.36,5.00,2.11,"24,952,638,196.86",https://s2.coinmarketcap.com/static/img/coins/64x64/2010.png,ADA,"Cardano (ADA) is a cryptocurrency launched in 2017. Cardano has a current supply of 44,994,596,807.107415 with 35,346,979,015.393979 in circulation. The last known price of Cardano is 0.70609645 USD and is up 4.92 over the last 24 hours. It is currently trading on 1529 active market(s) with $777,398,395.31 traded over the last 24 hours. More information can be found at https://www.cardano.org.",2017-10-01,https://www.cardano.org,https://cardanoupdates.com/,,,,,,,,,,
11,Hyperliquid,41.43,0.20,11.43,10.54,"13,834,107,833.80",https://s2.coinmarketcap.com/static/img/coins/64x64/32196.png,HYPE,"Hyperliquid (HYPE) is a cryptocurrency and operates on the Hyperliquid platform. Hyperliquid has a current supply of 999,993,930 with 333,928,180 in circulation. The last known price of Hyperliquid is 41.19992742 USD and is up 10.72 over the last 24 hours. It is currently trading on 105 active market(s) with $440,408,098.52 traded over the last 24 hours. More information can be found at https://hyperliquid.xyz/.",2024-07-15,https://hyperliquid.xyz/,N/A,,,,,,,,,,
12,Sui,3.54,3.56,6.99,6.85,"12,036,343,729.42",https://s2.coinmarketcap.com/static/img/coins/64x64/20947.png,SUI,"Sui (SUI) is a cryptocurrency . Sui has a current supply of 10,000,000,000 with 3,396,671,135.3644433 in circulation. The last known price of Sui is 3.51638118 USD and is up 6.21 over the last 24 hours. It is currently trading on 677 active market(s) with $965,317,168.51 traded over the last 24 hours. More information can be found at https://sui.io/#.",2022-07-12,https://sui.io/#,https://github.com/MystenLabs,,,,,,,,,,
13,Chainlink,15.23,2.24,9.84,7.81,"10,006,246,473.97",https://s2.coinmarketcap.com/static/img/coins/64x64/1975.png,LINK,"Chainlink (LINK) is a cryptocurrency and operates on the Ethereum platform. Chainlink has a current supply of 1,000,000,000 with 657,099,970.45278671 in circulation. The last known price of Chainlink is 15.16249728 USD and is up 9.33 over the last 24 hours. It is currently trading on 2020 active market(s) with $381,592,181.90 traded over the last 24 hours. More information can be found at https://chain.link/.",2017-09-20,https://chain.link/,https://github.com/smartcontractkit/chainlink,,,,,,,,,,
14,Avalanche,22.26,1.52,7.07,4.75,"9,390,702,366.43",https://s2.coinmarketcap.com/static/img/coins/64x64/5805.png,AVAX,"Avalanche (AVAX) is a cryptocurrency launched in 2020. Avalanche has a current supply of 456,811,126.68399364 with 421,808,426.68399364 in circulation. The last known price of Avalanche is 22.28029678 USD and is up 7.17 over the last 24 hours. It is currently trading on 920 active market(s) with $458,947,299.30 traded over the last 24 hours. More information can be found at https://avax.network/.",2020-07-13,https://avax.network/,https://github.com/ava-labs/avalanchego,,,,,,,,,,
65,Flare,0.02,0.30,2.66,1.24,"1,253,370,919.89",https://s2.coinmarketcap.com/static/img/coins/64x64/7950.png,FLR,"Flare (FLR) is a cryptocurrency launched in 2023. Flare has a current supply of 103,518,529,446.955098 with 67,438,963,643.684773 in circulation. The last known price of Flare is 0.01859661 USD and is up 2.43 over the last 24 hours. It is currently trading on 92 active market(s) with $5,694,411.64 traded over the last 24 hours. More information can be found at https://flare.network.",2020-12-11,https://flare.network,https://github.com/flare-foundation/,8,5,9,8,5,7,5,5,5,5
66,Optimism,0.70,5.30,13.24,4.62,"1,200,513,113.78",https://s2.coinmarketcap.com/static/img/coins/64x64/11840.png,OP,"Optimism (OP) is a cryptocurrency and operates on the Optimism platform. Optimism has a current supply of 4,294,967,296 with 1,714,909,778 in circulation. The last known price of Optimism is 0.70790131 USD and is up 14.51 over the last 24 hours. It is currently trading on 675 active market(s) with $248,116,608.05 traded over the last 24 hours. More information can be found at https://www.optimism.io/.",2022-05-31,https://www.optimism.io/,https://github.com/ethereum-optimism/,4,5,9,8,5,7,5,5,5,5
67,Story,4.19,1.37,3.70,-0.48,"1,178,157,811.56",https://s2.coinmarketcap.com/static/img/coins/64x64/35626.png,IP,"Story (IP) is a cryptocurrency launched in 2025. Story has a current supply of 1,006,783,270 with 280,972,853 in circulation. The last known price of Story is 4.19313752 USD and is up 3.70 over the last 24 hours. It is currently trading on 109 active market(s) with $63,009,230.91 traded over the last 24 hours. More information can be found at https://www.story.foundation/.",2025-02-06,https://www.story.foundation/,https://github.com/piplabs/,8,5,4,8,5,7,5,5,5,5
68,Sonic,0.40,2.20,5.99,-2.16,"1,164,567,949.49",https://s2.coinmarketcap.com/static/img/coins/64x64/32684.png,S,"Sonic (S) is a cryptocurrency launched in 2024. Sonic has a current supply of 3,175,000,000 with 2,880,000,000 in circulation. The last known price of Sonic is 0.40436387 USD and is up 5.99 over the last 24 hours. It is currently trading on 214 active market(s) with $99,741,649.72 traded over the last 24 hours. More information can be found at https://www.soniclabs.com/.",2025-01-03,https://www.soniclabs.com/,https://github.com/0xsoniclabs,6,5,4,8,5,7,5,5,5,5
69,Sei,0.21,3.11,7.79,1.82,"1,095,376,801.13",https://s2.coinmarketcap.com/static/img/coins/64x64/23149.png,SEI,"Sei (SEI) is a cryptocurrency . Sei has a current supply of 10,000,000,000 with 5,332,083,333 in circulation. The last known price of Sei is 0.2034052 USD and is up 6.74 over the last 24 hours. It is currently trading on 272 active market(s) with $57,490,868.91 traded over the last 24 hours. More information can be found at https://www.sei.io/.",2023-08-14,https://www.sei.io/,https://github.com/sei-protocol,6,5,7,8,5,7,5,5,5,5
70,Stacks,0.71,1.72,7.34,-9.59,"1,087,559,655.67",https://s2.coinmarketcap.com/static/img/coins/64x64/4847.png,STX,"Stacks (STX) is a cryptocurrency . Users are able to generate STX through the process of mining. Stacks has a current supply of 1,529,561,323.60149. The last known price of Stacks is 0.70977255 USD and is up 7.19 over the last 24 hours. It is currently trading on 246 active market(s) with $37,790,432.44 traded over the last 24 hours. More information can be found at https://stacks.co.",2019-10-28,https://stacks.co,https://github.com/stacks-network,6,5,9,8,5,7,5,5,5,5
71,dogwifhat,1.07,1.10,17.14,7.42,"1,068,165,709.76",https://s2.coinmarketcap.com/static/img/coins/64x64/28752.png,WIF,"dogwifhat (WIF) is a cryptocurrency and operates on the Solana platform. dogwifhat has a current supply of 998,840,598.698664. The last known price of dogwifhat is 1.06323632 USD and is up 16.13 over the last 24 hours. It is currently trading on 697 active market(s) with $601,157,749.08 traded over the last 24 hours. More information can be found at https://dogwifhat.us/.",2023-12-19,https://dogwifhat.us/,N/A,4,5,7,3,5,7,5,5,5,5
72,Four,2.77,0.07,-0.11,2.76,"1,057,581,885.43",https://s2.coinmarketcap.com/static/img/coins/64x64/23635.png,FORM,"Four (FORM) is a cryptocurrency launched in 2021and operates on the BNB Smart Chain (BEP20) platform. Four has a current supply of 572,301,922.0959299 with 381,867,255.144574 in circulation. The last known price of Four is 2.75630223 USD and is down -0.51 over the last 24 hours. It is currently trading on 165 active market(s) with $32,691,835.08 traded over the last 24 hours. More information can be found at https://official.four.meme/.",2023-02-22,https://official.four.meme/,N/A,8,5,7,3,5,7,5,5,5,5
73,XDC Network,0.06,0.48,4.00,6.36,"1,036,661,255.81",https://s2.coinmarketcap.com/static/img/coins/64x64/2634.png,XDC,"XDC Network (XDC) is a cryptocurrency . XDC Network has a current supply of 37,998,034,145.09999847 with 16,217,848,873.60000038 in circulation. The last known price of XDC Network is 0.0639747 USD and is up 4.13 over the last 24 hours. It is currently trading on 143 active market(s) with $44,412,624.33 traded over the last 24 hours. More information can be found at https://www.xinfin.org/.",2018-04-12,https://www.xinfin.org/,https://github.com/xinfinorg,8,5,9,8,5,7,5,5,5,5
74,Immutable,0.55,2.64,5.04,-5.26,"1,013,321,842.67",https://s2.coinmarketcap.com/static/img/coins/64x64/10603.png,IMX,"Immutable (IMX) is a cryptocurrency launched in 2021and operates on the Ethereum platform. Immutable has a current supply of 2,000,000,000 with 1,841,869,206.38981415 in circulation. The last known price of Immutable is 0.54855431 USD and is up 4.79 over the last 24 hours. It is currently trading on 372 active market(s) with $43,424,711.49 traded over the last 24 hours. More information can be found at https://www.immutable.com/.",2021-06-24,https://www.immutable.com/,N/A,6,5,9,3,5,7,5,5,5,5
75,PayPal USD,1.00,-0.00,-0.01,-0.00,"1,012,500,553.74",https://s2.coinmarketcap.com/static/img/coins/64x64/27772.png,PYUSD,"PayPal USD (PYUSD) is a cryptocurrency and operates on the Ethereum platform. PayPal USD has a current supply of 1,012,845,463.987031. The last known price of PayPal USD is 0.99947008 USD and is down -0.01 over the last 24 hours. It is currently trading on 119 active market(s) with $17,853,987.39 traded over the last 24 hours. More information can be found at https://www.paypal.com/pyusd.",2023-08-21,https://www.paypal.com/pyusd,N/A,8,5,7,3,5,7,5,5,5,5
76,Curve DAO Token,0.75,5.58,13.60,7.15,"1,008,692,069.45",https://s2.coinmarketcap.com/static/img/coins/64x64/6538.png,CRV,"Curve DAO Token (CRV) is a cryptocurrency and operates on the Ethereum platform. Curve DAO Token has a current supply of 2,270,117,539.07881348 with 1,350,149,910.8728316 in circulation. The last known price of Curve DAO Token is 0.73803208 USD and is up 12.10 over the last 24 hours. It is currently trading on 860 active market(s) with $164,976,413.37 traded over the last 24 hours. More information can be found at https://www.curve.finance/.",2020-08-14,https://www.curve.finance/,https://github.com/curvefi/curve-contract,4,5,9,8,5,7,5,5,5,5
77,The Graph,0.10,1.78,6.75,1.32,"985,884,436.89",https://s2.coinmarketcap.com/static/img/coins/64x64/6719.png,GRT,"The Graph (GRT) is a cryptocurrency launched in 2018and operates on the Ethereum platform. The Graph has a current supply of 10,800,262,823.318213 with 9,850,203,366.18509 in circulation. The last known price of The Graph is 0.09980831 USD and is up 6.67 over the last 24 hours. It is currently trading on 563 active market(s) with $47,564,065.69 traded over the last 24 hours. More information can be found at https://thegraph.com.",2020-12-17,https://thegraph.com,https://github.com/graphprotocol,6,5,9,8,5,5,5,5,5,5
78,Vaulta,0.60,1.60,3.53,-6.09,"946,735,724.34",https://s2.coinmarketcap.com/static/img/coins/64x64/36462.png,A,"Vaulta (A) is a cryptocurrency launched in 2025. Vaulta has a current supply of 2,100,000,000 with 1,570,710,375.6295 in circulation. The last known price of Vaulta is 0.59934072 USD and is up 2.98 over the last 24 hours. It is currently trading on 130 active market(s) with $55,884,023.31 traded over the last 24 hours. More information can be found at https://www.vaulta.com.",2025-05-28,https://www.vaulta.com,https://github.com/VaultaFoundation/vaulta-system-contract,8,5,4,8,5,5,5,5,5,5
